Sector,Top Leader,Leader Name,Recommendation,Recommendation Type,Action,Status,Sector Freshness,Data Status
Aerospace & Defense,GE,General Electric Company,GE,stock,hold,active,very_stale,stale_cache
Renewable Energy,BE,BE,BE,stock,hold,active,very_stale,stale_cache
Healthcare & Biotech,LLY,Eli Lilly and Company,LLY,stock,hold,active,very_stale,stale_cache
Automotive,ALB,ALB,ALB,stock,hold,active,very_stale,stale_cache
Consumer Staples,WMT,Walmart Inc,WMT,stock,hold,active,very_stale,stale_cache
Tech & AI,NVDA,NVIDIA Corporation,NVDA,stock,hold,active,fresh,fresh_cache
Financial Services,BRK-B,Berkshire Hathaway Inc Class B,BRK-B,stock,hold,active,fresh,fresh_cache
Infrastructure,NEE,NextEra Energy Inc,PAVE,sector_etf,watch,pending_confirmation,fresh,fresh_cache
Real Estate,WELL,Welltower Inc,WELL,stock,hold,active,fresh,fresh_cache
